id,section,word,correctAnswer,choice2,choice3,choice4,points,explanation,questionType,passage
SNS-P01-V01,SNS and Personality,"As used in the passage, the word “exponentially” most nearly means:",very rapidly,slowly and steadily,unpredictably,temporarily,1,“Exponentially” refers to very rapid growth in the number of users.,Vocabulary,"[1] Facebook’s popularity has grown exponentially over recent years, from 5.5 million active users in 2005 to around 500 million active users in 2011. Facebook allows users to create a profile where they can post information about themselves ranging from their occupation, to their religious and political views to their favorite movies and musicians. Further, Facebook also offers the facility to send private and public messages to other users and even engage in real time instant messaging. All of these features make Facebook broadly popular for online socializing."
SNS-P01-F01,SNS and Personality,"According to the passage, what can Facebook users do?",Create profiles and communicate with others in multiple ways,Only send private messages,Watch television programs online,Purchase products directly from other users,1,"The passage lists profile creation, posting information, messaging, and instant messaging.",Fact,"[1] Facebook’s popularity has grown exponentially over recent years, from 5.5 million active users in 2005 to around 500 million active users in 2011. Facebook allows users to create a profile where they can post information about themselves ranging from their occupation, to their religious and political views to their favorite movies and musicians. Further, Facebook also offers the facility to send private and public messages to other users and even engage in real time instant messaging. All of these features make Facebook broadly popular for online socializing."
SNS-P01-I01,SNS and Personality,What can be reasonably inferred about Facebook’s popularity?,Its variety of communication features contributed to its rapid growth,It became popular mainly because of one specific feature,It is primarily used for business purposes,Its user base remained stable after 2005,1,The final sentence connects Facebook’s many features to its broad popularity for online socializing.,Inference,"[1] Facebook’s popularity has grown exponentially over recent years, from 5.5 million active users in 2005 to around 500 million active users in 2011. Facebook allows users to create a profile where they can post information about themselves ranging from their occupation, to their religious and political views to their favorite movies and musicians. Further, Facebook also offers the facility to send private and public messages to other users and even engage in real time instant messaging. All of these features make Facebook broadly popular for online socializing."
SNS-P01-S01,SNS and Personality,Facebook experienced extremely rapid ___ in its user base between 2005 and 2011.,growth,decline,competition,regulation,1,The paragraph states that Facebook’s active users increased from 5.5 million to around 500 million.,Summary Cloze,"[1] Facebook’s popularity has grown exponentially over recent years, from 5.5 million active users in 2005 to around 500 million active users in 2011. Facebook allows users to create a profile where they can post information about themselves ranging from their occupation, to their religious and political views to their favorite movies and musicians. Further, Facebook also offers the facility to send private and public messages to other users and even engage in real time instant messaging. All of these features make Facebook broadly popular for online socializing."
SNS-P01-S02,SNS and Personality,The platform allows users to create personal profiles and share various kinds of ___ about themselves.,information,restrictions,advertisements,products,1,"The passage says users can post information about themselves, including occupation and views.",Summary Cloze,"[1] Facebook’s popularity has grown exponentially over recent years, from 5.5 million active users in 2005 to around 500 million active users in 2011. Facebook allows users to create a profile where they can post information about themselves ranging from their occupation, to their religious and political views to their favorite movies and musicians. Further, Facebook also offers the facility to send private and public messages to other users and even engage in real time instant messaging. All of these features make Facebook broadly popular for online socializing."
SNS-P01-S03,SNS and Personality,These functions have contributed to Facebook’s popularity as a platform for online ___.,socializing,education,business,gaming,1,The paragraph concludes that these features make Facebook popular for online socializing.,Summary Cloze,"[1] Facebook’s popularity has grown exponentially over recent years, from 5.5 million active users in 2005 to around 500 million active users in 2011. Facebook allows users to create a profile where they can post information about themselves ranging from their occupation, to their religious and political views to their favorite movies and musicians. Further, Facebook also offers the facility to send private and public messages to other users and even engage in real time instant messaging. All of these features make Facebook broadly popular for online socializing."
SNS-P02-V01,SNS and Personality,"As used in the passage, the word “mutual” most nearly means:",shared by both sides,private,competitive,temporary,1,“Mutual” describes interaction shared between people or groups.,Vocabulary,"[2] Although Facebook is the largest social networking service (SNS), there are others. The newest and perhaps most interesting SNS is Twitter, as its focus seems to be on the sharing of opinion and information rather than on mutual social interaction. Twitter allows users to update their account with short statements named “tweets” limited to 140 characters. Other users are able to “follow” these updates. The service is rapidly growing with recent statistics suggesting that in January 2010 alone Twitter attracted 73.5 million unique viewers, and from 2009-2010 it demonstrated an annual membership growth rate of 1,105%."
SNS-P02-F01,SNS and Personality,"According to the passage, how does Twitter differ from Facebook?",It focuses more on sharing opinions and information,It allows users to create detailed personal profiles,It limits users from following others,It is smaller because it has no messaging functions,1,The passage says Twitter focuses on sharing opinion and information rather than mutual social interaction.,Fact,"[2] Although Facebook is the largest social networking service (SNS), there are others. The newest and perhaps most interesting SNS is Twitter, as its focus seems to be on the sharing of opinion and information rather than on mutual social interaction. Twitter allows users to update their account with short statements named “tweets” limited to 140 characters. Other users are able to “follow” these updates. The service is rapidly growing with recent statistics suggesting that in January 2010 alone Twitter attracted 73.5 million unique viewers, and from 2009-2010 it demonstrated an annual membership growth rate of 1,105%."
SNS-P02-I01,SNS and Personality,What can be reasonably inferred about Twitter’s growth?,Its rapid growth suggests strong public interest,It expanded slowly over time,It was unpopular compared to other SNS platforms,Its user numbers declined after 2010,1,The passage gives statistics showing rapid growth and a high annual membership growth rate.,Inference,"[2] Although Facebook is the largest social networking service (SNS), there are others. The newest and perhaps most interesting SNS is Twitter, as its focus seems to be on the sharing of opinion and information rather than on mutual social interaction. Twitter allows users to update their account with short statements named “tweets” limited to 140 characters. Other users are able to “follow” these updates. The service is rapidly growing with recent statistics suggesting that in January 2010 alone Twitter attracted 73.5 million unique viewers, and from 2009-2010 it demonstrated an annual membership growth rate of 1,105%."
SNS-P02-S01,SNS and Personality,Twitter mainly encourages the sharing of ___ and information.,opinions,entertainment,advertisements,friendships,1,The paragraph directly states that Twitter focuses on the sharing of opinion and information.,Summary Cloze,"[2] Although Facebook is the largest social networking service (SNS), there are others. The newest and perhaps most interesting SNS is Twitter, as its focus seems to be on the sharing of opinion and information rather than on mutual social interaction. Twitter allows users to update their account with short statements named “tweets” limited to 140 characters. Other users are able to “follow” these updates. The service is rapidly growing with recent statistics suggesting that in January 2010 alone Twitter attracted 73.5 million unique viewers, and from 2009-2010 it demonstrated an annual membership growth rate of 1,105%."
SNS-P02-S02,SNS and Personality,Users communicate through short messages called ___.,tweets,posts,chats,updates,1,Twitter’s short statements are named “tweets.”,Summary Cloze,"[2] Although Facebook is the largest social networking service (SNS), there are others. The newest and perhaps most interesting SNS is Twitter, as its focus seems to be on the sharing of opinion and information rather than on mutual social interaction. Twitter allows users to update their account with short statements named “tweets” limited to 140 characters. Other users are able to “follow” these updates. The service is rapidly growing with recent statistics suggesting that in January 2010 alone Twitter attracted 73.5 million unique viewers, and from 2009-2010 it demonstrated an annual membership growth rate of 1,105%."
SNS-P02-S03,SNS and Personality,The platform has experienced extremely rapid ___ in membership.,growth,decline,stability,competition,1,"The passage reports a 1,105% annual membership growth rate.",Summary Cloze,"[2] Although Facebook is the largest social networking service (SNS), there are others. The newest and perhaps most interesting SNS is Twitter, as its focus seems to be on the sharing of opinion and information rather than on mutual social interaction. Twitter allows users to update their account with short statements named “tweets” limited to 140 characters. Other users are able to “follow” these updates. The service is rapidly growing with recent statistics suggesting that in January 2010 alone Twitter attracted 73.5 million unique viewers, and from 2009-2010 it demonstrated an annual membership growth rate of 1,105%."
SNS-P03-V01,SNS and Personality,"As used in the passage, the word “reinstate” most nearly means:",restore,remove permanently,limit,ignore,1,“Reinstate” means to bring something back or restore it.,Vocabulary,"[3] Twitter, unlike Facebook, offers the opportunity to reinstate some of the anonymity previously sought in online communication. Users do not need to post information about themselves to find “friends” and thus the site focuses less on who you are and more on what you have to say. The reduction of social pressure brought about by anonymity may mean that reasons for using Twitter differ from Facebook."
SNS-P03-F01,SNS and Personality,"According to the passage, how is Twitter different from Facebook?",Twitter allows greater anonymity for users,Twitter requires users to share detailed personal information,Twitter focuses more on identity than communication,Twitter prevents users from making friends online,1,The passage says Twitter offers the opportunity to reinstate anonymity.,Fact,"[3] Twitter, unlike Facebook, offers the opportunity to reinstate some of the anonymity previously sought in online communication. Users do not need to post information about themselves to find “friends” and thus the site focuses less on who you are and more on what you have to say. The reduction of social pressure brought about by anonymity may mean that reasons for using Twitter differ from Facebook."
SNS-P03-I01,SNS and Personality,What can be reasonably inferred about anonymity on Twitter?,It may reduce social pressure on users,It completely eliminates online communication problems,It makes Twitter less popular than Facebook,It forces users to reveal more personal details,1,The passage states that anonymity may reduce social pressure.,Inference,"[3] Twitter, unlike Facebook, offers the opportunity to reinstate some of the anonymity previously sought in online communication. Users do not need to post information about themselves to find “friends” and thus the site focuses less on who you are and more on what you have to say. The reduction of social pressure brought about by anonymity may mean that reasons for using Twitter differ from Facebook."
SNS-P03-S01,SNS and Personality,"Unlike Facebook, Twitter allows users to maintain greater ___ when communicating online.",anonymity,popularity,friendship,security,1,The passage emphasizes Twitter’s opportunity to reinstate anonymity.,Summary Cloze,"[3] Twitter, unlike Facebook, offers the opportunity to reinstate some of the anonymity previously sought in online communication. Users do not need to post information about themselves to find “friends” and thus the site focuses less on who you are and more on what you have to say. The reduction of social pressure brought about by anonymity may mean that reasons for using Twitter differ from Facebook."
SNS-P03-S02,SNS and Personality,"Users are not required to share extensive personal information, which shifts attention from identity to personal ___.",opinions,appearance,background,wealth,1,The passage says Twitter focuses less on who users are and more on what they have to say.,Summary Cloze,"[3] Twitter, unlike Facebook, offers the opportunity to reinstate some of the anonymity previously sought in online communication. Users do not need to post information about themselves to find “friends” and thus the site focuses less on who you are and more on what you have to say. The reduction of social pressure brought about by anonymity may mean that reasons for using Twitter differ from Facebook."
SNS-P03-S03,SNS and Personality,This reduced social pressure may lead people to use Twitter for different ___ than Facebook.,reasons,companies,features,audiences,1,The paragraph says reasons for using Twitter may differ from Facebook.,Summary Cloze,"[3] Twitter, unlike Facebook, offers the opportunity to reinstate some of the anonymity previously sought in online communication. Users do not need to post information about themselves to find “friends” and thus the site focuses less on who you are and more on what you have to say. The reduction of social pressure brought about by anonymity may mean that reasons for using Twitter differ from Facebook."
SNS-P04-V01,SNS and Personality,"As used in the passage, the word “predominantly” most nearly means:",mainly,rarely,equally,unexpectedly,1,“Predominantly” means mainly or for the most part.,Vocabulary,"[4] There have been several studies that have researched links between personality and Facebook. However, there are currently no studies linking Twitter use to personality. It must be noted that much of the research concerning personality and the Internet has been conducted using small, predominantly student samples. Thus, caution must be advised when interpreting the results obtained from any individual study."
SNS-P04-F01,SNS and Personality,"According to the passage, what limitation is mentioned about existing research?",Many studies rely on small student-based samples,There are too many studies on Twitter use,Most studies use large international samples,Researchers have stopped studying personality,1,"The passage notes that much research uses small, predominantly student samples.",Fact,"[4] There have been several studies that have researched links between personality and Facebook. However, there are currently no studies linking Twitter use to personality. It must be noted that much of the research concerning personality and the Internet has been conducted using small, predominantly student samples. Thus, caution must be advised when interpreting the results obtained from any individual study."
SNS-P04-I01,SNS and Personality,What can be reasonably inferred about current research on Twitter and personality?,It remains limited and requires further study,It is well established and widely confirmed,It proves Twitter changes personality,It focuses mainly on older adults,1,The passage states that there are currently no studies linking Twitter use to personality.,Inference,"[4] There have been several studies that have researched links between personality and Facebook. However, there are currently no studies linking Twitter use to personality. It must be noted that much of the research concerning personality and the Internet has been conducted using small, predominantly student samples. Thus, caution must be advised when interpreting the results obtained from any individual study."
SNS-P04-S01,SNS and Personality,"Researchers have examined connections between personality and Facebook use, but studies on Twitter remain ___.",limited,extensive,complete,outdated,1,The paragraph says there are currently no studies linking Twitter use to personality.,Summary Cloze,"[4] There have been several studies that have researched links between personality and Facebook. However, there are currently no studies linking Twitter use to personality. It must be noted that much of the research concerning personality and the Internet has been conducted using small, predominantly student samples. Thus, caution must be advised when interpreting the results obtained from any individual study."
SNS-P04-S02,SNS and Personality,"Much internet-related personality research relies on relatively ___ samples, often consisting of students.",small,large,diverse,international,1,"The passage explicitly mentions small, predominantly student samples.",Summary Cloze,"[4] There have been several studies that have researched links between personality and Facebook. However, there are currently no studies linking Twitter use to personality. It must be noted that much of the research concerning personality and the Internet has been conducted using small, predominantly student samples. Thus, caution must be advised when interpreting the results obtained from any individual study."
SNS-P04-S03,SNS and Personality,"Therefore, readers should interpret findings with ___.",caution,confidence,excitement,indifference,1,The passage says caution is advised when interpreting results from any individual study.,Summary Cloze,"[4] There have been several studies that have researched links between personality and Facebook. However, there are currently no studies linking Twitter use to personality. It must be noted that much of the research concerning personality and the Internet has been conducted using small, predominantly student samples. Thus, caution must be advised when interpreting the results obtained from any individual study."
SNS-P05-V01,SNS and Personality,"As used in the passage, the word “underpinnings” most nearly means:",foundations,criticisms,applications,limitations,1,“Underpinnings” refers to the foundations or basic support of a theory.,Vocabulary,"[5] In investigating the role of personality in the use of the Internet, researchers have tended to use the Five-Factor-Model or Big Five. The Big Five consists of five broad personality traits, namely, Neuroticism, Extraversion, Openness, Agreeableness and Conscientiousness. Although the theoretical and methodological underpinnings of the model are not completely without dispute, it is regarded as acknowledging at least some of the essential aspects of personality."
SNS-P05-F01,SNS and Personality,"According to the passage, what does the Big Five model include?",Five personality traits,Five internet behaviors,Five communication platforms,Five research methods,1,"The Big Five consists of Neuroticism, Extraversion, Openness, Agreeableness, and Conscientiousness.",Fact,"[5] In investigating the role of personality in the use of the Internet, researchers have tended to use the Five-Factor-Model or Big Five. The Big Five consists of five broad personality traits, namely, Neuroticism, Extraversion, Openness, Agreeableness and Conscientiousness. Although the theoretical and methodological underpinnings of the model are not completely without dispute, it is regarded as acknowledging at least some of the essential aspects of personality."
SNS-P05-I01,SNS and Personality,What can be reasonably inferred about the Big Five model?,It remains useful despite some disagreements about it,It is universally accepted without criticism,It is flawed and rarely used by researchers,It focuses only on internet behavior,1,The passage notes disputes but says the model acknowledges essential aspects of personality.,Inference,"[5] In investigating the role of personality in the use of the Internet, researchers have tended to use the Five-Factor-Model or Big Five. The Big Five consists of five broad personality traits, namely, Neuroticism, Extraversion, Openness, Agreeableness and Conscientiousness. Although the theoretical and methodological underpinnings of the model are not completely without dispute, it is regarded as acknowledging at least some of the essential aspects of personality."
SNS-P05-S01,SNS and Personality,The Big Five framework identifies five broad personality ___.,traits,disorders,theories,experiments,1,The passage states that the Big Five consists of five broad personality traits.,Summary Cloze,"[5] In investigating the role of personality in the use of the Internet, researchers have tended to use the Five-Factor-Model or Big Five. The Big Five consists of five broad personality traits, namely, Neuroticism, Extraversion, Openness, Agreeableness and Conscientiousness. Although the theoretical and methodological underpinnings of the model are not completely without dispute, it is regarded as acknowledging at least some of the essential aspects of personality."
SNS-P05-S02,SNS and Personality,Some scholars question its theoretical and methodological ___.,foundations,popularity,results,applications,1,“Underpinnings” in this context means theoretical and methodological foundations.,Summary Cloze,"[5] In investigating the role of personality in the use of the Internet, researchers have tended to use the Five-Factor-Model or Big Five. The Big Five consists of five broad personality traits, namely, Neuroticism, Extraversion, Openness, Agreeableness and Conscientiousness. Although the theoretical and methodological underpinnings of the model are not completely without dispute, it is regarded as acknowledging at least some of the essential aspects of personality."
SNS-P05-S03,SNS and Personality,The model remains a widely used ___ in personality research.,framework,limitation,criticism,controversy,1,Researchers often use the Big Five as a framework for studying personality.,Summary Cloze,"[5] In investigating the role of personality in the use of the Internet, researchers have tended to use the Five-Factor-Model or Big Five. The Big Five consists of five broad personality traits, namely, Neuroticism, Extraversion, Openness, Agreeableness and Conscientiousness. Although the theoretical and methodological underpinnings of the model are not completely without dispute, it is regarded as acknowledging at least some of the essential aspects of personality."
SNS-P06-V01,SNS and Personality,"As used in the passage, the word “empirical” most nearly means:",based on observation or evidence,theoretical,emotional,widely accepted,1,“Empirical” refers to research based on evidence or observation.,Vocabulary,"[6] Neuroticism is defined as a measure of affect and emotional control, with low levels suggesting good control over emotions and stability, whereas individuals with high levels may be somewhat sensitive and nervous with a tendency to worry. Early opinions suggested that those high in Neuroticism were likely to avoid the Internet. However, empirical inquiry has failed to support this hypothesis. It is now considered that those high in Neuroticism use the Internet frequently, mostly to avoid loneliness. Indeed, positive correlations have been found with the amount of time spent on Facebook and frequency of instant messenger use. On the other hand, Amichai-Hamburger and Ben-Artzi (2003) found a negative relationship between Neuroticism and use of the Internet for informational purposes (i.e., Twitter)."
SNS-P06-F01,SNS and Personality,"According to the passage, why do people high in Neuroticism often use the Internet?",To avoid loneliness,To improve academic performance,To gain financial advantages,To reduce working hours,1,"The passage says those high in Neuroticism use the Internet frequently, mostly to avoid loneliness.",Fact,"[6] Neuroticism is defined as a measure of affect and emotional control, with low levels suggesting good control over emotions and stability, whereas individuals with high levels may be somewhat sensitive and nervous with a tendency to worry. Early opinions suggested that those high in Neuroticism were likely to avoid the Internet. However, empirical inquiry has failed to support this hypothesis. It is now considered that those high in Neuroticism use the Internet frequently, mostly to avoid loneliness. Indeed, positive correlations have been found with the amount of time spent on Facebook and frequency of instant messenger use. On the other hand, Amichai-Hamburger and Ben-Artzi (2003) found a negative relationship between Neuroticism and use of the Internet for informational purposes (i.e., Twitter)."
SNS-P06-I01,SNS and Personality,What can be reasonably inferred about earlier assumptions regarding Neuroticism and Internet use?,They incorrectly predicted that highly neurotic individuals would avoid the Internet,They were fully confirmed by later studies,They focused mainly on informational Internet use,They showed no connection between personality and online behavior,1,Empirical inquiry failed to support the hypothesis that highly neurotic individuals would avoid the Internet.,Inference,"[6] Neuroticism is defined as a measure of affect and emotional control, with low levels suggesting good control over emotions and stability, whereas individuals with high levels may be somewhat sensitive and nervous with a tendency to worry. Early opinions suggested that those high in Neuroticism were likely to avoid the Internet. However, empirical inquiry has failed to support this hypothesis. It is now considered that those high in Neuroticism use the Internet frequently, mostly to avoid loneliness. Indeed, positive correlations have been found with the amount of time spent on Facebook and frequency of instant messenger use. On the other hand, Amichai-Hamburger and Ben-Artzi (2003) found a negative relationship between Neuroticism and use of the Internet for informational purposes (i.e., Twitter)."
SNS-P06-S01,SNS and Personality,Earlier theories were not supported by later ___ research.,empirical,theoretical,historical,informal,1,The passage says empirical inquiry failed to support the earlier hypothesis.,Summary Cloze,"[6] Neuroticism is defined as a measure of affect and emotional control, with low levels suggesting good control over emotions and stability, whereas individuals with high levels may be somewhat sensitive and nervous with a tendency to worry. Early opinions suggested that those high in Neuroticism were likely to avoid the Internet. However, empirical inquiry has failed to support this hypothesis. It is now considered that those high in Neuroticism use the Internet frequently, mostly to avoid loneliness. Indeed, positive correlations have been found with the amount of time spent on Facebook and frequency of instant messenger use. On the other hand, Amichai-Hamburger and Ben-Artzi (2003) found a negative relationship between Neuroticism and use of the Internet for informational purposes (i.e., Twitter)."
SNS-P06-S02,SNS and Personality,Individuals high in Neuroticism often use the Internet frequently to reduce feelings of ___.,loneliness,excitement,pressure,boredom,1,The paragraph states that they use the Internet mostly to avoid loneliness.,Summary Cloze,"[6] Neuroticism is defined as a measure of affect and emotional control, with low levels suggesting good control over emotions and stability, whereas individuals with high levels may be somewhat sensitive and nervous with a tendency to worry. Early opinions suggested that those high in Neuroticism were likely to avoid the Internet. However, empirical inquiry has failed to support this hypothesis. It is now considered that those high in Neuroticism use the Internet frequently, mostly to avoid loneliness. Indeed, positive correlations have been found with the amount of time spent on Facebook and frequency of instant messenger use. On the other hand, Amichai-Hamburger and Ben-Artzi (2003) found a negative relationship between Neuroticism and use of the Internet for informational purposes (i.e., Twitter)."
SNS-P06-S03,SNS and Personality,One study found that Neuroticism was negatively related to using the Internet for ___ purposes.,informational,social,educational,financial,1,"The passage mentions a negative relationship with informational purposes, identified as Twitter.",Summary Cloze,"[6] Neuroticism is defined as a measure of affect and emotional control, with low levels suggesting good control over emotions and stability, whereas individuals with high levels may be somewhat sensitive and nervous with a tendency to worry. Early opinions suggested that those high in Neuroticism were likely to avoid the Internet. However, empirical inquiry has failed to support this hypothesis. It is now considered that those high in Neuroticism use the Internet frequently, mostly to avoid loneliness. Indeed, positive correlations have been found with the amount of time spent on Facebook and frequency of instant messenger use. On the other hand, Amichai-Hamburger and Ben-Artzi (2003) found a negative relationship between Neuroticism and use of the Internet for informational purposes (i.e., Twitter)."
SNS-P07-V01,SNS and Personality,"As used in the passage, the word “substitute” most nearly means:",replacement,improvement,requirement,interruption,1,“Substitute” means something used in place of another thing.,Vocabulary,"[7] Extraverts are typically adventurous, sociable and talkative, whereas introverts are typically quiet and shy. Extraversion has been shown to correlate with the use of instant messaging and SNS. Within Facebook, those high in Extraversion have been shown to be members of significantly more “groups” and have significantly more “friends”. Many of these “friendships”, it seems, were not initiated online, however. Extraverts tended to make friends offline, then use the Internet to keep in touch, suggesting that extraverts do not see online socialization as a substitute for offline communication."
SNS-P07-F01,SNS and Personality,"According to the passage, what has Extraversion been shown to correlate with?",Use of instant messaging and social networking services,Avoidance of online communication,Preference for anonymous online activity,Reduced number of offline friendships,1,The passage states that Extraversion correlates with instant messaging and SNS use.,Fact,"[7] Extraverts are typically adventurous, sociable and talkative, whereas introverts are typically quiet and shy. Extraversion has been shown to correlate with the use of instant messaging and SNS. Within Facebook, those high in Extraversion have been shown to be members of significantly more “groups” and have significantly more “friends”. Many of these “friendships”, it seems, were not initiated online, however. Extraverts tended to make friends offline, then use the Internet to keep in touch, suggesting that extraverts do not see online socialization as a substitute for offline communication."
SNS-P07-I01,SNS and Personality,What can be reasonably inferred about extraverts’ use of online social platforms?,They often use online tools to maintain relationships formed offline,They mainly use the Internet to replace face-to-face communication,They tend to avoid forming friendships outside the Internet,They prefer online friendships because offline interaction is difficult for them,1,The passage says extraverts make friends offline and use the Internet to keep in touch.,Inference,"[7] Extraverts are typically adventurous, sociable and talkative, whereas introverts are typically quiet and shy. Extraversion has been shown to correlate with the use of instant messaging and SNS. Within Facebook, those high in Extraversion have been shown to be members of significantly more “groups” and have significantly more “friends”. Many of these “friendships”, it seems, were not initiated online, however. Extraverts tended to make friends offline, then use the Internet to keep in touch, suggesting that extraverts do not see online socialization as a substitute for offline communication."
SNS-P07-S01,SNS and Personality,Research suggests that Extraversion is related to the use of ___ and social networking services.,instant messaging,online shopping,academic research,private blogging,1,The passage explicitly links Extraversion with instant messaging and SNS.,Summary Cloze,"[7] Extraverts are typically adventurous, sociable and talkative, whereas introverts are typically quiet and shy. Extraversion has been shown to correlate with the use of instant messaging and SNS. Within Facebook, those high in Extraversion have been shown to be members of significantly more “groups” and have significantly more “friends”. Many of these “friendships”, it seems, were not initiated online, however. Extraverts tended to make friends offline, then use the Internet to keep in touch, suggesting that extraverts do not see online socialization as a substitute for offline communication."
SNS-P07-S02,SNS and Personality,"On Facebook, highly extraverted users tend to belong to more groups and have more ___.",friends,restrictions,assignments,advertisements,1,The paragraph states that they have significantly more friends.,Summary Cloze,"[7] Extraverts are typically adventurous, sociable and talkative, whereas introverts are typically quiet and shy. Extraversion has been shown to correlate with the use of instant messaging and SNS. Within Facebook, those high in Extraversion have been shown to be members of significantly more “groups” and have significantly more “friends”. Many of these “friendships”, it seems, were not initiated online, however. Extraverts tended to make friends offline, then use the Internet to keep in touch, suggesting that extraverts do not see online socialization as a substitute for offline communication."
SNS-P07-S03,SNS and Personality,Extraverts use online communication mainly to ___ existing social connections rather than replace face-to-face interaction.,maintain,avoid,weaken,limit,1,The passage suggests they use the Internet to keep in touch with offline friends.,Summary Cloze,"[7] Extraverts are typically adventurous, sociable and talkative, whereas introverts are typically quiet and shy. Extraversion has been shown to correlate with the use of instant messaging and SNS. Within Facebook, those high in Extraversion have been shown to be members of significantly more “groups” and have significantly more “friends”. Many of these “friendships”, it seems, were not initiated online, however. Extraverts tended to make friends offline, then use the Internet to keep in touch, suggesting that extraverts do not see online socialization as a substitute for offline communication."
SNS-P08-V01,SNS and Personality,"As used in the passage, the word “correlated” most nearly means:",related statistically,caused directly,separated completely,explained fully,1,"“Correlated” means statistically related, not necessarily caused by one another.",Vocabulary,"[8] Ryan and Xenos (2011) found significantly higher levels of self-reported Extraversion in Facebook users compared to non-users and also found Extraversion to be correlated with the social use of Facebook. Amichai-Hamburger and Ben-Artzi (2000) also found a significant correlation between social use of the Internet and Extraversion, but only for females. The same authors also reported a whole sample correlation between Extraversion and informational use of the Internet."
SNS-P08-F01,SNS and Personality,"According to the passage, what did Ryan and Xenos (2011) find about Facebook users?",They showed higher self-reported levels of Extraversion than non-users,They reported lower levels of Extraversion than non-users,They used Facebook mainly for informational purposes,They avoided social interaction on Facebook,1,The passage states that Facebook users reported significantly higher levels of Extraversion.,Fact,"[8] Ryan and Xenos (2011) found significantly higher levels of self-reported Extraversion in Facebook users compared to non-users and also found Extraversion to be correlated with the social use of Facebook. Amichai-Hamburger and Ben-Artzi (2000) also found a significant correlation between social use of the Internet and Extraversion, but only for females. The same authors also reported a whole sample correlation between Extraversion and informational use of the Internet."
SNS-P08-I01,SNS and Personality,What can be reasonably inferred from the studies mentioned in the passage?,Extraversion appears to be related to both social and informational Internet use,Extraversion has no connection to Facebook or Internet use,Only introverted users benefit from social networking services,Facebook use reduces users’ level of Extraversion over time,1,"The paragraph reports correlations with social Facebook use, social Internet use, and informational Internet use.",Inference,"[8] Ryan and Xenos (2011) found significantly higher levels of self-reported Extraversion in Facebook users compared to non-users and also found Extraversion to be correlated with the social use of Facebook. Amichai-Hamburger and Ben-Artzi (2000) also found a significant correlation between social use of the Internet and Extraversion, but only for females. The same authors also reported a whole sample correlation between Extraversion and informational use of the Internet."
SNS-P08-S01,SNS and Personality,Ryan and Xenos found that Facebook users reported higher levels of ___ than non-users.,Extraversion,Neuroticism,loneliness,anonymity,1,The finding specifically concerns self-reported Extraversion.,Summary Cloze,"[8] Ryan and Xenos (2011) found significantly higher levels of self-reported Extraversion in Facebook users compared to non-users and also found Extraversion to be correlated with the social use of Facebook. Amichai-Hamburger and Ben-Artzi (2000) also found a significant correlation between social use of the Internet and Extraversion, but only for females. The same authors also reported a whole sample correlation between Extraversion and informational use of the Internet."
SNS-P08-S02,SNS and Personality,"Another study found a link between Extraversion and social Internet use, although this result applied only to ___.",females,males,students,non-users,1,The passage says the correlation was found only for females.,Summary Cloze,"[8] Ryan and Xenos (2011) found significantly higher levels of self-reported Extraversion in Facebook users compared to non-users and also found Extraversion to be correlated with the social use of Facebook. Amichai-Hamburger and Ben-Artzi (2000) also found a significant correlation between social use of the Internet and Extraversion, but only for females. The same authors also reported a whole sample correlation between Extraversion and informational use of the Internet."
SNS-P08-S03,SNS and Personality,Extraversion was also associated with ___ use of the Internet in the whole sample.,informational,emotional,financial,anonymous,1,The passage reports a whole-sample correlation with informational Internet use.,Summary Cloze,"[8] Ryan and Xenos (2011) found significantly higher levels of self-reported Extraversion in Facebook users compared to non-users and also found Extraversion to be correlated with the social use of Facebook. Amichai-Hamburger and Ben-Artzi (2000) also found a significant correlation between social use of the Internet and Extraversion, but only for females. The same authors also reported a whole sample correlation between Extraversion and informational use of the Internet."
SNS-P09-V01,SNS and Personality,"As used in the passage, the word “novelty” most nearly means:",originality or newness,familiarity,difficulty,tradition,1,“Novelty” means newness or something unfamiliar and original.,Vocabulary,"[9] Individuals who demonstrate high Openness-to-experience (Openness) have broad interests and seek novelty, with low ratings linked to preferring familiarity and convention. Openness has been shown to correlate with the use of instant messaging and SNS and with the use of a wider variety of Facebook features. Further, Openness has been shown to be related to information seeking."
SNS-P09-F01,SNS and Personality,"According to the passage, what are individuals high in Openness likely to have?",Broad interests and a desire for new experiences,Narrow interests and a preference for routine,Low interest in social networking services,A strong preference for familiar activities only,1,The passage says people high in Openness have broad interests and seek novelty.,Fact,"[9] Individuals who demonstrate high Openness-to-experience (Openness) have broad interests and seek novelty, with low ratings linked to preferring familiarity and convention. Openness has been shown to correlate with the use of instant messaging and SNS and with the use of a wider variety of Facebook features. Further, Openness has been shown to be related to information seeking."
SNS-P09-I01,SNS and Personality,What can be reasonably inferred about people high in Openness?,They may be more willing to explore different online tools and features,They avoid online communication because it is unfamiliar,They use SNS only to maintain existing friendships,They are less likely to search for information online,1,Openness is linked to varied Facebook feature use and information seeking.,Inference,"[9] Individuals who demonstrate high Openness-to-experience (Openness) have broad interests and seek novelty, with low ratings linked to preferring familiarity and convention. Openness has been shown to correlate with the use of instant messaging and SNS and with the use of a wider variety of Facebook features. Further, Openness has been shown to be related to information seeking."
SNS-P09-S01,SNS and Personality,People high in Openness tend to have broad interests and seek ___ experiences.,novel,familiar,conventional,limited,1,The passage says high Openness is associated with seeking novelty.,Summary Cloze,"[9] Individuals who demonstrate high Openness-to-experience (Openness) have broad interests and seek novelty, with low ratings linked to preferring familiarity and convention. Openness has been shown to correlate with the use of instant messaging and SNS and with the use of a wider variety of Facebook features. Further, Openness has been shown to be related to information seeking."
SNS-P09-S02,SNS and Personality,"Openness is associated with the use of instant messaging, SNS, and a wider range of ___ features.",Facebook,financial,political,educational,1,The paragraph specifically mentions a wider variety of Facebook features.,Summary Cloze,"[9] Individuals who demonstrate high Openness-to-experience (Openness) have broad interests and seek novelty, with low ratings linked to preferring familiarity and convention. Openness has been shown to correlate with the use of instant messaging and SNS and with the use of a wider variety of Facebook features. Further, Openness has been shown to be related to information seeking."
SNS-P09-S03,SNS and Personality,"Openness is also connected to ___, suggesting that open individuals may use the Internet to explore new ideas.",information seeking,emotional avoidance,social withdrawal,reduced communication,1,The passage states that Openness is related to information seeking.,Summary Cloze,"[9] Individuals who demonstrate high Openness-to-experience (Openness) have broad interests and seek novelty, with low ratings linked to preferring familiarity and convention. Openness has been shown to correlate with the use of instant messaging and SNS and with the use of a wider variety of Facebook features. Further, Openness has been shown to be related to information seeking."
SNS-P10-V01,SNS and Personality,"As used in the passage, the word “initiate” most nearly means:",begin,end,avoid,evaluate,1,“Initiate” means to begin or start something.,Vocabulary,"[10] Agreeableness is seen as a measure of how friendly people are, with high ratings being associated with individuals who are kind, sympathetic and warm. It has been suggested that less agreeable individuals would have greater numbers of online contacts as the Internet provides a means to build friendships that may prove difficult to initiate and maintain offline. However, Agreeableness has been included in several studies relating to Internet and social media usage and has generally been found to be unrelated."
SNS-P10-F01,SNS and Personality,"According to the passage, how is Agreeableness generally defined?","A measure of how friendly, kind, and sympathetic people are",A measure of how emotionally unstable people are,A measure of how much people seek new experiences,A measure of how organized and responsible people are,1,"The passage defines Agreeableness as friendliness, kindness, sympathy, and warmth.",Fact,"[10] Agreeableness is seen as a measure of how friendly people are, with high ratings being associated with individuals who are kind, sympathetic and warm. It has been suggested that less agreeable individuals would have greater numbers of online contacts as the Internet provides a means to build friendships that may prove difficult to initiate and maintain offline. However, Agreeableness has been included in several studies relating to Internet and social media usage and has generally been found to be unrelated."
SNS-P10-I01,SNS and Personality,What can be reasonably inferred about the relationship between Agreeableness and Internet use?,The proposed link between Agreeableness and Internet use has not been strongly supported,Research has consistently shown that agreeable people avoid the Internet,Less agreeable individuals always have more online contacts,Agreeableness is the strongest predictor of social media use,1,The passage says Agreeableness has generally been found to be unrelated to Internet and social media usage.,Inference,"[10] Agreeableness is seen as a measure of how friendly people are, with high ratings being associated with individuals who are kind, sympathetic and warm. It has been suggested that less agreeable individuals would have greater numbers of online contacts as the Internet provides a means to build friendships that may prove difficult to initiate and maintain offline. However, Agreeableness has been included in several studies relating to Internet and social media usage and has generally been found to be unrelated."
SNS-P10-S01,SNS and Personality,Some researchers suggested that less agreeable individuals might have more ___ contacts.,online,offline,professional,family,1,The passage suggests less agreeable individuals might build friendships online.,Summary Cloze,"[10] Agreeableness is seen as a measure of how friendly people are, with high ratings being associated with individuals who are kind, sympathetic and warm. It has been suggested that less agreeable individuals would have greater numbers of online contacts as the Internet provides a means to build friendships that may prove difficult to initiate and maintain offline. However, Agreeableness has been included in several studies relating to Internet and social media usage and has generally been found to be unrelated."
SNS-P10-S02,SNS and Personality,Studies on Internet and social media use have generally found Agreeableness to be ___ to such behavior.,unrelated,strongly related,essential,harmful,1,The paragraph states that Agreeableness has generally been found to be unrelated.,Summary Cloze,"[10] Agreeableness is seen as a measure of how friendly people are, with high ratings being associated with individuals who are kind, sympathetic and warm. It has been suggested that less agreeable individuals would have greater numbers of online contacts as the Internet provides a means to build friendships that may prove difficult to initiate and maintain offline. However, Agreeableness has been included in several studies relating to Internet and social media usage and has generally been found to be unrelated."
SNS-P10-S03,SNS and Personality,"Therefore, the connection between Agreeableness and online activity appears to be ___.",weak,obvious,proven,unavoidable,1,"Because research generally finds no relationship, the connection appears weak.",Summary Cloze,"[10] Agreeableness is seen as a measure of how friendly people are, with high ratings being associated with individuals who are kind, sympathetic and warm. It has been suggested that less agreeable individuals would have greater numbers of online contacts as the Internet provides a means to build friendships that may prove difficult to initiate and maintain offline. However, Agreeableness has been included in several studies relating to Internet and social media usage and has generally been found to be unrelated."
SNS-P11-V01,SNS and Personality,"As used in the passage, the word “inclined” most nearly means:",likely,forced,trained,unwilling,1,“Inclined” means likely or disposed to do something.,Vocabulary,"[11] Conscientiousness refers to a person’s work ethic, orderliness and thoroughness. It has been suggested that conscientious individuals are inclined to avoid SNS as they serve as a distraction from more important tasks. However, Ross et al. (2009) failed to provide empirical support for such suggestions, finding no significant correlation between Conscientiousness and Facebook activities. However, Ryan and Xenos (2011) did find a significant negative correlation between Conscientiousness and the amount of time spent on Facebook. Similar trends were also uncovered by Amichai-Hamburger and Vinitzky (2010), who found that despite highly conscientious individuals having more friends than those low in the trait, they uploaded significantly fewer pictures to the site."
SNS-P11-F01,SNS and Personality,"According to the passage, what did Ross et al. (2009) find?",There was no significant correlation between Conscientiousness and Facebook activities,Conscientiousness was strongly related to all Facebook activities,Conscientious people spent more time on Facebook than others,Highly conscientious individuals avoided all forms of social media,1,The passage says Ross et al. failed to provide empirical support and found no significant correlation.,Fact,"[11] Conscientiousness refers to a person’s work ethic, orderliness and thoroughness. It has been suggested that conscientious individuals are inclined to avoid SNS as they serve as a distraction from more important tasks. However, Ross et al. (2009) failed to provide empirical support for such suggestions, finding no significant correlation between Conscientiousness and Facebook activities. However, Ryan and Xenos (2011) did find a significant negative correlation between Conscientiousness and the amount of time spent on Facebook. Similar trends were also uncovered by Amichai-Hamburger and Vinitzky (2010), who found that despite highly conscientious individuals having more friends than those low in the trait, they uploaded significantly fewer pictures to the site."
SNS-P11-I01,SNS and Personality,What can be reasonably inferred about the relationship between Conscientiousness and Facebook use?,"Research findings are somewhat mixed, but Conscientiousness may be linked to less Facebook engagement",Conscientiousness clearly causes people to use Facebook more often,All studies agree that Conscientiousness has no relation to Facebook use,Highly conscientious individuals use Facebook mainly to upload pictures,1,"Some studies found no relation, while others found negative links or fewer uploads.",Inference,"[11] Conscientiousness refers to a person’s work ethic, orderliness and thoroughness. It has been suggested that conscientious individuals are inclined to avoid SNS as they serve as a distraction from more important tasks. However, Ross et al. (2009) failed to provide empirical support for such suggestions, finding no significant correlation between Conscientiousness and Facebook activities. However, Ryan and Xenos (2011) did find a significant negative correlation between Conscientiousness and the amount of time spent on Facebook. Similar trends were also uncovered by Amichai-Hamburger and Vinitzky (2010), who found that despite highly conscientious individuals having more friends than those low in the trait, they uploaded significantly fewer pictures to the site."
SNS-P11-S01,SNS and Personality,Conscientious individuals may avoid SNS because they can be a ___ from important tasks.,distraction,benefit,requirement,motivation,1,The passage says SNS may serve as a distraction from more important tasks.,Summary Cloze,"[11] Conscientiousness refers to a person’s work ethic, orderliness and thoroughness. It has been suggested that conscientious individuals are inclined to avoid SNS as they serve as a distraction from more important tasks. However, Ross et al. (2009) failed to provide empirical support for such suggestions, finding no significant correlation between Conscientiousness and Facebook activities. However, Ryan and Xenos (2011) did find a significant negative correlation between Conscientiousness and the amount of time spent on Facebook. Similar trends were also uncovered by Amichai-Hamburger and Vinitzky (2010), who found that despite highly conscientious individuals having more friends than those low in the trait, they uploaded significantly fewer pictures to the site."
SNS-P11-S02,SNS and Personality,Other findings suggest that highly conscientious users upload fewer ___.,pictures,messages,articles,comments,1,The passage says highly conscientious users uploaded significantly fewer pictures.,Summary Cloze,"[11] Conscientiousness refers to a person’s work ethic, orderliness and thoroughness. It has been suggested that conscientious individuals are inclined to avoid SNS as they serve as a distraction from more important tasks. However, Ross et al. (2009) failed to provide empirical support for such suggestions, finding no significant correlation between Conscientiousness and Facebook activities. However, Ryan and Xenos (2011) did find a significant negative correlation between Conscientiousness and the amount of time spent on Facebook. Similar trends were also uncovered by Amichai-Hamburger and Vinitzky (2010), who found that despite highly conscientious individuals having more friends than those low in the trait, they uploaded significantly fewer pictures to the site."
SNS-P11-S03,SNS and Personality,"Overall, Conscientiousness appears to be linked to more limited or controlled ___ use.",Facebook,academic,financial,offline,1,The mixed evidence suggests more limited or controlled Facebook engagement.,Summary Cloze,"[11] Conscientiousness refers to a person’s work ethic, orderliness and thoroughness. It has been suggested that conscientious individuals are inclined to avoid SNS as they serve as a distraction from more important tasks. However, Ross et al. (2009) failed to provide empirical support for such suggestions, finding no significant correlation between Conscientiousness and Facebook activities. However, Ryan and Xenos (2011) did find a significant negative correlation between Conscientiousness and the amount of time spent on Facebook. Similar trends were also uncovered by Amichai-Hamburger and Vinitzky (2010), who found that despite highly conscientious individuals having more friends than those low in the trait, they uploaded significantly fewer pictures to the site."
